order_id,amount,region,timestamp
ORD-000000,74.24,North,2024-01-01T12:00:00
ORD-000001,89.41,South,2024-01-02T12:00:00
ORD-000002,110.48,East,2024-01-03T12:00:00
ORD-000003,bad-number,West,2024-01-04T12:00:00
ORD-000004,145.65,North,2024-01-05T12:00:00
ORD-000005,158.43,South,2024-01-06T12:00:00
ORD-000006,178.49,East,2024-01-07T12:00:00
ORD-000007,196.31,West,2024-01-08T12:00:00
ORD-000008,207.76,North,2024-01-09T12:00:00
ORD-000009,225.17,South,2024-01-10T12:00:00
ORD-000010,245.59,East,2024-01-11T12:00:00
ORD-000011,258.29,West,2024-01-12T12:00:00
ORD-000012,276.2,North,2024-01-13T12:00:00
ORD-000013,293.86,South,2024-01-14T12:00:00
ORD-000014,314.62,East,2024-01-15T12:00:00
ORD-000015,326.76,West,2024-01-16T12:00:00
ORD-000016,350.19,North,2024-01-17T12:00:00
ORD-000017,363.74,South,2024-01-18T12:00:00
ORD-000018,382.38,East,2024-01-19T12:00:00
ORD-000019,398.2,West,2024-01-20T12:00:00
ORD-000020,413.16,North,2024-01-21T12:00:00
ORD-000021,431.69,South,2024-01-22T12:00:00
ORD-000022,451.18,East,2024-01-23T12:00:00
ORD-000023,468.03,West,2024-01-24T12:00:00
ORD-000024,80.93,North,2024-01-25T12:00:00
ORD-000025,98.4,South,2024-01-26T12:00:00
ORD-000026,113.55,East,2024-01-27T12:00:00
ORD-000027,134.31,West,2024-01-28T12:00:00
ORD-000028,148.81,North,2024-01-01T12:00:00
ORD-000029,170.81,South,2024-01-02T12:00:00
ORD-000030,183.33,East,not-a-timestamp
ORD-000031,200.11,West,2024-01-04T12:00:00
ORD-000032,215.15,North,2024-01-05T12:00:00
ORD-000033,,South,2024-01-06T12:00:00
ORD-000034,249.48,East,2024-01-07T12:00:00
ORD-000035,271.52,EAST_1,2024-01-08T12:00:00
ORD-000036,284.67,North,2024-01-09T12:00:00
ORD-000037,305.1,South,2024-01-10T12:00:00
ORD-000038,324.36,East,2024-01-11T12:00:00
ORD-000039,339.72,West,2024-01-12T12:00:00
ORD-000040,354.44,North,2024-01-13T12:00:00
ORD-000041,374.51,South,2024-01-14T12:00:00
ORD-000042,392.12,East,2024-01-15T12:00:00
ORD-000043,402.77,West,2024-01-16T12:00:00
ORD-000044,421.14,North,2024-01-17T12:00:00
ORD-000045,442.32,South,2024-01-18T12:00:00
ORD-000046,457.49,East,2024-01-19T12:00:00
ORD-000047,471.28,West,2024-01-20T12:00:00
ORD-000048,94.74,North,2024-01-21T12:00:00
ORD-000049,108.23,South,2024-01-22T12:00:00
ORD-000050,121.16,East,2024-01-23T12:00:00
ORD-000051,139.33,West,2024-01-24T12:00:00
ORD-000052,160.09,North,2024-01-25T12:00:00
ORD-000053,173.67,South,2024-01-26T12:00:00
ORD-000054,195.31,East,2024-01-27T12:00:00
ORD-000055,211.53,West,2024-01-28T12:00:00
ORD-000056,225.53,North,2024-01-01T12:00:00
ORD-000057,247.67,South,2024-01-02T12:00:00
ORD-000058,258.45,East,2024-01-03T12:00:00
ORD-000059,281.6,West,2024-01-04T12:00:00
ORD-000060,296.85,North,2024-01-05T12:00:00
ORD-000061,312.11,South,2024-01-06T12:00:00
ORD-000062,331.14,East,2024-01-07T12:00:00
ORD-000063,344.15,West,2024-01-08T12:00:00
ORD-000064,359.93,North,2024-01-09T12:00:00
ORD-000065,380.94,South,2024-01-10T12:00:00
ORD-000066,398.73,East,2024-01-11T12:00:00
ORD-000067,415.4,West,2024-01-12T12:00:00
ORD-000068,429.13,North,2024-01-13T12:00:00
ORD-000069,449.07,South,2024-01-14T12:00:00
ORD-000070,467.7,East,2024-01-15T12:00:00
ORD-000071,79.05,West,2024-01-16T12:00:00
ORD-000072,100.23,North,2024-01-17T12:00:00
ORD-000073,112.8,South,2024-01-18T12:00:00
ORD-000074,136.57,East,2024-01-19T12:00:00
ORD-000075,148.09,West,2024-01-20T12:00:00
ORD-000076,168.77,North,2024-01-21T12:00:00
ORD-000077,185.63,South,2024-01-22T12:00:00
ORD-000078,202.32,East,2024-01-23T12:00:00
ORD-000079,218.66,West,2024-01-24T12:00:00
ORD-000080,231.92,North,2024-01-25T12:00:00
ORD-000081,254.22,South,2024-01-26T12:00:00
ORD-000082,270.52,East,2024-01-27T12:00:00
ORD-000083,282.69,West,2024-01-28T12:00:00
ORD-000084,300.97,North,2024-01-01T12:00:00
ORD-000085,319.63,South,2024-01-02T12:00:00
ORD-000086,334.77,East,2024-01-03T12:00:00
ORD-000087,354.76,West,2024-01-04T12:00:00
ORD-000088,368.89,North,2024-01-05T12:00:00
ORD-000089,384.77,South,2024-01-06T12:00:00
ORD-000090,402.07,East,2024-01-07T12:00:00
ORD-000091,421.7,West,2024-01-08T12:00:00
ORD-000092,440.41,North,2024-01-09T12:00:00
ORD-000093,454.29,South,2024-01-10T12:00:00
ORD-000094,470.57,East,2024-01-11T12:00:00
ORD-000095,86.83,West,2024-01-12T12:00:00
ORD-000096,108.89,North,2024-01-13T12:00:00
ORD-000097,126.69,South,2024-01-14T12:00:00
ORD-000098,139.55,East,2024-01-15T12:00:00
ORD-000099,155.25,West,2024-01-16T12:00:00
ORD-000100,175.72,North,2024-01-17T12:00:00
ORD-000101,189.25,South,2024-01-18T12:00:00
ORD-000102,212.58,East,2024-01-19T12:00:00
ORD-000103,227.85,West,2024-01-20T12:00:00
ORD-000104,245.5,North,2024-01-21T12:00:00
ORD-000369,347.41,South,2024-01-06T12:00:00
ORD-000106,278.51,East,2024-01-23T12:00:00
ORD-000107,292.1,West,2024-01-24T12:00:00
ORD-000108,312.49,North,2024-01-25T12:00:00
ORD-000109,327.8,South,2024-01-26T12:00:00
ORD-000110,343.98,East,2024-01-27T12:00:00
ORD-000111,362.71,West,2024-01-28T12:00:00
ORD-000112,376.04,North,2024-01-01T12:00:00
ORD-000113,396.12,South,2024-01-02T12:00:00
ORD-000114,415.82,East,2024-01-03T12:00:00
ORD-000115,429.06,West,2024-01-04T12:00:00
ORD-000116,450.53,North,2024-01-05T12:00:00
ORD-000117,50000.0,South,2024-01-06T12:00:00
ORD-000118,84.96,East,2024-01-07T12:00:00
ORD-000119,96.28,West,2024-01-08T12:00:00
ORD-000120,117.97,North,2024-01-09T12:00:00
ORD-000121,134.9,South,2024-01-10T12:00:00
ORD-000122,151.83,East,2024-01-11T12:00:00
ORD-000123,164.82,West,2024-01-12T12:00:00
ORD-000124,179.95,North,2024-01-13T12:00:00
ORD-000125,199.18,South,2024-01-14T12:00:00
ORD-000126,218.14,East,2024-01-15T12:00:00
ORD-000127,235.52,West,2024-01-16T12:00:00
ORD-000128,248.1,North,not-a-timestamp
ORD-000129,266.43,South,2024-01-18T12:00:00
ORD-000130,281.37,East,2024-01-19T12:00:00
ORD-000131,303.29,West,2024-01-20T12:00:00
ORD-000132,317.05,North,2024-01-21T12:00:00
ORD-000133,334.29,South,2024-01-22T12:00:00
ORD-000134,353.25,East,2024-01-23T12:00:00
ORD-000135,373.22,West,2024-01-24T12:00:00
ORD-000136,390.74,North,2024-01-25T12:00:00
ORD-000137,400.55,South,2024-01-26T12:00:00
ORD-000138,,East,2024-01-27T12:00:00
ORD-000139,440.33,West,2024-01-28T12:00:00
ORD-000140,456.21,North,2024-01-01T12:00:00
ORD-000141,469.75,South,2024-01-02T12:00:00
ORD-000142,87.63,East,2024-01-03T12:00:00
ORD-000143,103.12,West,2024-01-04T12:00:00
ORD-000144,121.49,North,2024-01-05T12:00:00
ORD-000145,139.56,South,2024-01-06T12:00:00
ORD-000146,158.53,East,2024-01-07T12:00:00
ORD-000147,171.5,West,2024-01-08T12:00:00
ORD-000148,190.88,North,2024-01-09T12:00:00
ORD-000149,205.26,South,2024-01-10T12:00:00
ORD-000150,227.53,East,2024-01-11T12:00:00
ORD-000151,244.27,West,2024-01-12T12:00:00
ORD-000152,260.65,North,2024-01-13T12:00:00
ORD-000153,276.91,South,2024-01-14T12:00:00
ORD-000154,294.36,East,2024-01-15T12:00:00
ORD-000155,50001.0,West,2024-01-16T12:00:00
ORD-000156,328.41,North,2024-01-17T12:00:00
ORD-000157,343.2,South,2024-01-18T12:00:00
ORD-000158,357.65,East,2024-01-19T12:00:00
ORD-000159,377.06,West,2024-01-20T12:00:00
ORD-000160,394.23,North,2024-01-21T12:00:00
ORD-000161,414.98,South,2024-01-22T12:00:00
ORD-000162,429.85,East,2024-01-23T12:00:00
ORD-000163,447.08,West,not-a-timestamp
ORD-000164,464.29,North,2024-01-25T12:00:00
ORD-000165,83.25,South,2024-01-26T12:00:00
ORD-000166,100.51,East,2024-01-27T12:00:00
ORD-000167,114.79,West,2024-01-28T12:00:00
ORD-000168,132.82,North,2024-01-01T12:00:00
ORD-000169,151.83,South,2024-01-02T12:00:00
ORD-000170,163.45,East,2024-01-03T12:00:00
ORD-000502,208.52,East,2024-01-27T12:00:00
ORD-000172,197.55,North,2024-01-05T12:00:00
ORD-000173,213.08,South,2024-01-06T12:00:00
ORD-000174,233.84,East,2024-01-07T12:00:00
ORD-000175,250.36,West,2024-01-08T12:00:00
ORD-000176,267.08,North,2024-01-09T12:00:00
ORD-000177,280.43,South,2024-01-10T12:00:00
ORD-000178,301.91,East,2024-01-11T12:00:00
ORD-000179,314.6,West,2024-01-12T12:00:00
ORD-000180,331.41,North,2024-01-13T12:00:00
ORD-000181,354.51,South,2024-01-14T12:00:00
ORD-000182,372.46,East,2024-01-15T12:00:00
ORD-000183,383.04,West,2024-01-16T12:00:00
ORD-000184,406.6,North,2024-01-17T12:00:00
ORD-000185,423.98,South,2024-01-18T12:00:00
ORD-000186,437.61,East,2024-01-19T12:00:00
ORD-000187,451.44,West,2024-01-20T12:00:00
ORD-000188,469.89,North,2024-01-21T12:00:00
ORD-000189,91.95,South,2024-01-22T12:00:00
ORD-000190,104.87,East,2024-01-23T12:00:00
ORD-000191,123.65,West,2024-01-24T12:00:00
ORD-000192,137.27,North,2024-01-25T12:00:00
ORD-000193,157.6,South,2024-01-26T12:00:00
ORD-000194,177.0,East,2024-01-27T12:00:00
ORD-000195,190.71,West,2024-01-28T12:00:00
ORD-000196,bad-number,North,2024-01-01T12:00:00
ORD-000197,223.17,South,2024-01-02T12:00:00
ORD-000198,242.24,East,2024-01-03T12:00:00
ORD-000199,260.89,West,2024-01-04T12:00:00
ORD-000200,274.35,North,2024-01-05T12:00:00
ORD-000201,295.15,South,2024-01-06T12:00:00
ORD-000202,50008.0,East,2024-01-07T12:00:00
ORD-000203,325.81,unknown,2024-01-08T12:00:00
ORD-000204,346.76,North,2024-01-09T12:00:00
ORD-000205,359.41,South,2024-01-10T12:00:00
ORD-000206,377.51,East,2024-01-11T12:00:00
ORD-000207,395.53,West,2024-01-12T12:00:00
ORD-000208,410.59,North,2024-01-13T12:00:00
ORD-000209,431.36,South,2024-01-14T12:00:00
ORD-000210,443.69,East,2024-01-15T12:00:00
ORD-000211,464.46,West,2024-01-16T12:00:00
ORD-000212,76.96,North,2024-01-17T12:00:00
ORD-000213,96.23,South,2024-01-18T12:00:00
ORD-000214,114.14,East,2024-01-19T12:00:00
ORD-000215,126.92,West,2024-01-20T12:00:00
ORD-000216,150.59,North,2024-01-21T12:00:00
ORD-000217,160.47,South,2024-01-22T12:00:00
ORD-000218,178.38,East,2024-01-23T12:00:00
ORD-000219,197.72,West,2024-01-24T12:00:00
ORD-000220,212.85,North,2024-01-25T12:00:00
ORD-000221,232.56,South,2024-01-26T12:00:00
ORD-000222,249.49,East,2024-01-27T12:00:00
ORD-000223,267.09,West,2024-01-28T12:00:00
ORD-000224,285.79,North,2024-01-01T12:00:00
ORD-000225,50007.0,South,2024-01-02T12:00:00
ORD-000226,316.58,East,2024-01-03T12:00:00
ORD-000227,336.6,West,2024-01-04T12:00:00
ORD-000228,348.83,North,2024-01-05T12:00:00
ORD-000229,368.28,South,2024-01-06T12:00:00
ORD-000230,383.86,East,2024-01-07T12:00:00
ORD-000231,403.09,West,2024-01-08T12:00:00
ORD-000232,418.9,North,2024-01-09T12:00:00
ORD-000233,437.18,South,2024-01-10T12:00:00
ORD-000234,450.54,East,2024-01-11T12:00:00
ORD-000235,472.19,West,2024-01-12T12:00:00
ORD-000236,84.27,North,2024-01-13T12:00:00
ORD-000790,307.99,East,2024-01-07T12:00:00
ORD-000238,124.88,East,2024-01-15T12:00:00
ORD-000239,140.9,West,2024-01-16T12:00:00
ORD-000240,154.61,North,2024-01-17T12:00:00
ORD-000241,168.01,South,2024-01-18T12:00:00
ORD-000242,186.47,East,2024-01-19T12:00:00
ORD-000243,204.03,West,2024-01-20T12:00:00
ORD-000244,223.85,North,2024-01-21T12:00:00
ORD-000245,241.69,South,2024-01-22T12:00:00
ORD-000246,256.93,NORTHH,2024-01-23T12:00:00
ORD-000247,270.19,West,2024-01-24T12:00:00
ORD-000248,294.59,North,2024-01-25T12:00:00
ORD-000249,311.19,South,2024-01-26T12:00:00
ORD-000250,328.31,East,2024-01-27T12:00:00
ORD-000251,341.64,West,2024-01-28T12:00:00
ORD-000252,359.44,North,2024-01-01T12:00:00
ORD-000253,375.65,South,2024-01-02T12:00:00
ORD-000254,395.41,East,2024-01-03T12:00:00
ORD-000255,408.39,,2024-01-04T12:00:00
ORD-000256,430.94,North,2024-01-05T12:00:00
ORD-000257,443.98,South,2024-01-06T12:00:00
ORD-000258,459.18,East,2024-01-07T12:00:00
ORD-000259,80.45,West,2024-01-08T12:00:00
ORD-000260,95.39,North,2024-01-09T12:00:00
ORD-000261,111.37,South,2024-01-10T12:00:00
ORD-000262,bad-number,East,2024-01-11T12:00:00
ORD-000263,145.57,West,2024-01-12T12:00:00
ORD-000264,160.35,North,2024-01-13T12:00:00
ORD-000265,176.12,South,2024-01-14T12:00:00
ORD-000266,195.9,East,2024-01-15T12:00:00
ORD-000267,215.97,West,2024-01-16T12:00:00
ORD-000268,231.51,North,2024-01-17T12:00:00
ORD-000269,248.41,South,2024-01-18T12:00:00
ORD-000270,262.99,East,2024-01-19T12:00:00
ORD-000271,282.53,West,2024-01-20T12:00:00
ORD-000272,297.24,North,2024-01-21T12:00:00
ORD-000273,313.93,South,2024-01-22T12:00:00
ORD-000274,331.71,East,2024-01-23T12:00:00
ORD-000275,349.95,West,2024-01-24T12:00:00
ORD-000276,366.74,North,2024-01-25T12:00:00
ORD-000277,383.84,South,2024-01-26T12:00:00
ORD-000278,399.13,East,2024-01-27T12:00:00
ORD-000279,416.28,West,2024-01-28T12:00:00
ORD-000280,432.11,North,2024-01-01T12:00:00
ORD-000281,454.43,South,2024-01-02T12:00:00
ORD-000282,472.13,East,2024-01-03T12:00:00
ORD-000283,89.67,West,2024-01-04T12:00:00
ORD-000284,101.19,North,2024-01-05T12:00:00
ORD-000285,116.34,South,2024-01-06T12:00:00
ORD-000286,133.91,East,2024-01-07T12:00:00
ORD-000287,152.43,West,2024-01-08T12:00:00
ORD-000288,167.01,North,2024-01-09T12:00:00
ORD-000289,191.97,South,2024-01-10T12:00:00
ORD-000290,208.09,East,2024-01-11T12:00:00
ORD-000291,220.52,NORTHH,2024-01-12T12:00:00
ORD-000292,236.23,North,2024-01-13T12:00:00
ORD-000293,256.12,South,2024-01-14T12:00:00
ORD-000294,275.59,south-zone,2024-01-15T12:00:00
ORD-000295,292.79,West,2024-01-16T12:00:00
ORD-000296,304.53,North,2024-01-17T12:00:00
ORD-000297,323.51,South,2024-01-18T12:00:00
ORD-000298,337.04,East,2024-01-19T12:00:00
ORD-000299,354.01,West,2024-01-20T12:00:00
ORD-000300,371.09,North,2024-01-21T12:00:00
ORD-000301,394.1,South,2024-01-22T12:00:00
ORD-000302,409.83,East,2024-01-23T12:00:00
ORD-000303,429.82,West,2024-01-24T12:00:00
ORD-000304,445.49,,2024-01-25T12:00:00
ORD-000305,461.33,South,2024-01-26T12:00:00
ORD-000306,79.36,East,2024-01-27T12:00:00
ORD-000307,94.81,West,2024-01-28T12:00:00
ORD-000308,109.37,North,2024-01-01T12:00:00
ORD-000309,125.36,South,2024-01-02T12:00:00
ORD-000310,142.24,East,2024-01-03T12:00:00
ORD-000311,162.38,West,2024-01-04T12:00:00
ORD-000312,177.5,North,2024-01-05T12:00:00
ORD-000313,193.66,South,2024-01-06T12:00:00
ORD-000314,213.62,East,2024-01-07T12:00:00
ORD-000315,230.69,West,2024-01-08T12:00:00
ORD-000316,244.98,North,2024-01-09T12:00:00
ORD-000317,261.71,South,2024-01-10T12:00:00
ORD-000318,284.95,East,2024-01-11T12:00:00
ORD-000319,295.25,West,2024-01-12T12:00:00
ORD-000320,318.65,south-zone,2024-01-13T12:00:00
ORD-000321,330.71,South,2024-01-14T12:00:00
ORD-000322,351.62,EAST_1,2024-01-15T12:00:00
ORD-000323,369.35,West,2024-01-16T12:00:00
ORD-000324,385.44,North,2024-01-17T12:00:00
ORD-000325,398.93,South,2024-01-18T12:00:00
ORD-000326,420.43,East,2024-01-19T12:00:00
ORD-000327,435.66,West,2024-01-20T12:00:00
ORD-000328,451.15,North,2024-01-21T12:00:00
ORD-000329,464.21,South,2024-01-22T12:00:00
ORD-000330,83.86,East,2024-01-23T12:00:00
ORD-000331,102.47,West,2024-01-24T12:00:00
ORD-000332,115.69,North,2024-01-25T12:00:00
ORD-000333,139.46,South,2024-01-26T12:00:00
ORD-000334,150.52,East,2024-01-27T12:00:00
ORD-000335,166.05,West,2024-01-28T12:00:00
ORD-000336,186.73,North,2024-01-01T12:00:00
ORD-000337,202.68,South,2024-01-02T12:00:00
ORD-000338,,East,2024-01-03T12:00:00
ORD-000339,236.41,West,2024-01-04T12:00:00
ORD-000340,256.87,North,2024-01-05T12:00:00
ORD-000341,270.08,South,2024-01-06T12:00:00
ORD-000342,292.39,East,2024-01-07T12:00:00
ORD-000343,309.18,West,2024-01-08T12:00:00
ORD-000344,326.74,North,2024-01-09T12:00:00
ORD-000345,340.29,South,2024-01-10T12:00:00
ORD-000346,353.35,East,2024-01-11T12:00:00
ORD-000347,370.19,West,2024-01-12T12:00:00
ORD-000348,392.93,North,2024-01-13T12:00:00
ORD-000349,404.46,South,2024-01-14T12:00:00
ORD-000350,426.55,East,2024-01-15T12:00:00
ORD-000351,440.67,West,2024-01-16T12:00:00
ORD-000352,457.13,North,2024-01-17T12:00:00
ORD-000353,77.31,South,2024-01-18T12:00:00
ORD-000354,96.11,East,2024-01-19T12:00:00
ORD-000355,107.42,West,2024-01-20T12:00:00
ORD-000356,128.86,North,2024-01-21T12:00:00
ORD-000357,140.13,South,2024-01-22T12:00:00
ORD-000358,161.06,East,2024-01-23T12:00:00
ORD-000359,178.21,West,2024-01-24T12:00:00
ORD-000360,195.59,North,2024-01-25T12:00:00
ORD-000361,208.71,South,2024-01-26T12:00:00
ORD-000362,225.09,East,2024-01-27T12:00:00
ORD-000363,242.25,West,2024-01-28T12:00:00
ORD-000364,261.4,North,2024-01-01T12:00:00
ORD-000365,282.11,South,2024-01-02T12:00:00
ORD-000366,298.19,East,2024-01-03T12:00:00
ORD-000367,315.5,West,2024-01-04T12:00:00
ORD-000368,334.01,North,2024-01-05T12:00:00
ORD-000369,347.41,South,2024-01-06T12:00:00
ORD-000370,362.58,East,2024-01-07T12:00:00
ORD-000371,381.2,West,2024-01-08T12:00:00
ORD-000372,401.27,North,2024-01-09T12:00:00
ORD-000373,415.6,South,2024-01-10T12:00:00
ORD-000374,434.07,East,2024-01-11T12:00:00
ORD-000375,447.41,West,2024-01-12T12:00:00
ORD-000376,464.29,North,
ORD-000377,85.43,South,2024-01-14T12:00:00
ORD-000378,104.44,East,2024-01-15T12:00:00
ORD-000379,121.27,West,2024-01-16T12:00:00
ORD-000380,137.06,North,2024-01-17T12:00:00
ORD-000381,151.29,South,2024-01-18T12:00:00
ORD-000382,165.39,East,2024-01-19T12:00:00
ORD-000383,184.23,West,2024-01-20T12:00:00
ORD-000384,205.24,North,2024-01-21T12:00:00
ORD-000385,220.36,South,2024-01-22T12:00:00
ORD-000386,235.35,East,2024-01-23T12:00:00
ORD-000387,254.81,West,2024-01-24T12:00:00
ORD-000388,271.01,North,2024-01-25T12:00:00
ORD-000389,289.08,South,2024-01-26T12:00:00
ORD-000390,301.97,East,2024-01-27T12:00:00
ORD-000391,319.96,West,2024-01-28T12:00:00
ORD-000392,339.67,North,2024-01-01T12:00:00
ORD-000393,358.16,South,2024-01-02T12:00:00
ORD-000394,374.19,East,2024-01-03T12:00:00
ORD-000395,391.61,West,2024-01-04T12:00:00
ORD-000396,410.6,North,2024-01-05T12:00:00
ORD-000397,425.27,South,2024-01-06T12:00:00
ORD-000398,437.95,East,2024-01-07T12:00:00
ORD-000399,456.21,West,2024-01-08T12:00:00
ORD-000400,76.11,North,2024-01-09T12:00:00
ORD-000401,91.39,South,2024-01-10T12:00:00
,111.93,East,2024-01-11T12:00:00
ORD-000403,129.51,West,2024-01-12T12:00:00
ORD-000404,143.71,North,2024-01-13T12:00:00
ORD-000405,160.99,South,2024-01-14T12:00:00
ORD-000406,178.86,East,2024-01-15T12:00:00
ORD-000407,194.59,West,2024-01-16T12:00:00
ORD-000408,212.7,North,2024-01-17T12:00:00
ORD-000409,227.59,South,2024-01-18T12:00:00
ORD-000410,243.91,East,2024-01-19T12:00:00
ORD-000411,265.36,West,2024-01-20T12:00:00
ORD-000412,281.89,North,2024-01-21T12:00:00
ORD-000413,299.32,South,2024-01-22T12:00:00
ORD-000414,314.87,East,2024-01-23T12:00:00
ORD-000415,327.65,West,2024-01-24T12:00:00
ORD-000416,344.5,North,2024-01-25T12:00:00
ORD-000417,367.87,South,2024-01-26T12:00:00
ORD-000418,377.28,East,2024-01-27T12:00:00
ORD-000419,395.36,West,2024-01-28T12:00:00
ORD-000420,415.35,North,2024-01-01T12:00:00
ORD-000421,431.67,South,2024-01-02T12:00:00
ORD-000422,445.68,East,2024-01-03T12:00:00
ORD-000423,462.96,West,2024-01-04T12:00:00
ORD-000424,85.63,North,2024-01-05T12:00:00
ORD-000425,101.42,South,2024-01-06T12:00:00
ORD-000426,117.46,East,2024-01-07T12:00:00
ORD-000427,131.44,West,2024-01-08T12:00:00
ORD-000428,151.54,North,2024-01-09T12:00:00
ORD-000429,170.18,South,2024-01-10T12:00:00
ORD-000430,186.95,East,2024-01-11T12:00:00
ORD-000431,204.91,West,2024-01-12T12:00:00
ORD-000432,215.64,North,2024-01-13T12:00:00
ORD-000433,237.59,South,2024-01-14T12:00:00
ORD-000434,249.09,East,2024-01-15T12:00:00
ORD-000435,273.52,West,2024-01-16T12:00:00
ORD-000436,286.41,North,2024-01-17T12:00:00
ORD-000437,305.79,South,2024-01-18T12:00:00
ORD-000438,320.04,East,2024-01-19T12:00:00
ORD-000439,50009.0,West,2024-01-20T12:00:00
ORD-000440,355.48,North,2024-01-21T12:00:00
ORD-000441,374.24,South,2024-01-22T12:00:00
ORD-000442,388.19,East,2024-01-23T12:00:00
ORD-000443,402.35,West,2024-01-24T12:00:00
ORD-000444,426.93,North,2024-01-25T12:00:00
ORD-000445,438.79,South,2024-01-26T12:00:00
ORD-000446,458.79,East,2024-01-27T12:00:00
ORD-000447,472.69,West,2024-01-28T12:00:00
ORD-000448,89.12,North,2024-01-01T12:00:00
ORD-000449,108.26,South,2024-01-02T12:00:00
ORD-000450,125.75,East,2024-01-03T12:00:00
ORD-000451,141.09,West,2024-01-04T12:00:00
ORD-000452,162.45,North,2024-01-05T12:00:00
ORD-000453,178.41,South,2024-01-06T12:00:00
ORD-000454,195.59,East,2024-01-07T12:00:00
ORD-000455,209.0,West,2024-01-08T12:00:00
ORD-000456,229.77,North,2024-01-09T12:00:00
ORD-000457,240.03,South,2024-01-10T12:00:00
ORD-000458,263.51,East,2024-01-11T12:00:00
ORD-000459,275.38,West,2024-01-12T12:00:00
ORD-000460,293.11,North,2024-01-13T12:00:00
ORD-000461,315.87,South,2024-01-14T12:00:00
ORD-000462,332.06,East,2024-01-15T12:00:00
ORD-000463,345.12,West,2024-01-16T12:00:00
ORD-000464,366.69,North,2024-01-17T12:00:00
ORD-000465,381.08,South,2024-01-18T12:00:00
ORD-000466,395.8,,2024-01-19T12:00:00
ORD-000467,415.11,West,2024-01-20T12:00:00
ORD-000468,427.23,North,2024-01-21T12:00:00
ORD-000469,447.31,South,2024-01-22T12:00:00
ORD-000470,462.78,East,2024-01-23T12:00:00
ORD-000471,79.11,West,2024-01-24T12:00:00
ORD-000472,102.71,North,2024-01-25T12:00:00
ORD-000473,113.11,South,2024-01-26T12:00:00
ORD-000474,131.48,East,2024-01-27T12:00:00
ORD-000475,147.18,West,2024-01-28T12:00:00
ORD-000476,167.97,North,2024-01-01T12:00:00
ORD-000477,bad-number,South,2024-01-02T12:00:00
ORD-000478,200.91,East,2024-01-03T12:00:00
ORD-000479,220.38,West,2024-01-04T12:00:00
ORD-000480,235.15,North,2024-01-05T12:00:00
ORD-000481,252.44,South,2024-01-06T12:00:00
ORD-000482,269.41,East,2024-01-07T12:00:00
ORD-000483,289.69,West,2024-01-08T12:00:00
ORD-000527,232.87,West,2024-01-24T12:00:00
ORD-000485,319.7,South,2024-01-10T12:00:00
ORD-000486,338.56,East,2024-01-11T12:00:00
ORD-000487,352.25,West,2024-01-12T12:00:00
ORD-000488,370.35,North,2024-01-13T12:00:00
ORD-000489,387.58,South,2024-01-14T12:00:00
ORD-000490,407.39,EAST_1,2024-01-15T12:00:00
ORD-000491,420.87,West,2024-01-16T12:00:00
ORD-000492,441.84,North,2024-01-17T12:00:00
ORD-000493,456.22,South,2024-01-18T12:00:00
ORD-000494,474.53,East,2024-01-19T12:00:00
ORD-000495,89.66,West,2024-01-20T12:00:00
ORD-000496,110.69,North,2024-01-21T12:00:00
ORD-000497,123.73,South,2024-01-22T12:00:00
ORD-000498,138.18,East,2024-01-23T12:00:00
ORD-000499,157.63,West,2024-01-24T12:00:00
ORD-000500,174.12,North,2024-01-25T12:00:00
ORD-000501,193.09,South,2024-01-26T12:00:00
ORD-000502,208.52,East,2024-01-27T12:00:00
ORD-000503,228.72,West,2024-01-28T12:00:00
ORD-000504,bad-number,North,2024-01-01T12:00:00
ORD-000505,258.22,South,2024-01-02T12:00:00
ORD-000506,274.28,East,2024-01-03T12:00:00
ORD-000507,292.4,West,2024-01-04T12:00:00
ORD-000508,50005.0,North,2024-01-05T12:00:00
ORD-000509,325.82,South,2024-01-06T12:00:00
ORD-000510,341.02,East,2024-01-07T12:00:00
ORD-000511,359.98,West,2024-01-08T12:00:00
ORD-000512,376.25,North,2024-01-09T12:00:00
ORD-000513,393.25,South,2024-01-10T12:00:00
ORD-000514,412.52,East,2024-01-11T12:00:00
ORD-000515,429.07,West,2024-01-12T12:00:00
ORD-000516,447.7,North,2024-01-13T12:00:00
ORD-000517,464.6,South,2024-01-14T12:00:00
ORD-000518,84.18,East,2024-01-15T12:00:00
ORD-000519,97.26,West,2024-01-16T12:00:00
ORD-000520,112.53,North,2024-01-17T12:00:00
ORD-000521,128.42,South,2024-01-18T12:00:00
ORD-000522,146.31,East,2024-01-19T12:00:00
ORD-000523,162.86,West,2024-01-20T12:00:00
ORD-000524,183.86,North,2024-01-21T12:00:00
ORD-000525,203.56,South,2024-01-22T12:00:00
ORD-000526,213.32,East,2024-01-23T12:00:00
ORD-000527,232.87,West,2024-01-24T12:00:00
ORD-000528,253.89,North,2024-01-25T12:00:00
ORD-000529,267.7,South,2024-01-26T12:00:00
ORD-000530,288.28,East,2024-01-27T12:00:00
ORD-000531,298.9,West,2024-01-28T12:00:00
ORD-000532,315.18,North,2024-01-01T12:00:00
ORD-000533,333.93,South,2024-01-02T12:00:00
ORD-000534,349.95,East,2024-01-03T12:00:00
ORD-000535,372.72,West,2024-01-04T12:00:00
ORD-000536,386.34,North,2024-01-05T12:00:00
ORD-000537,407.36,South,2024-01-06T12:00:00
ORD-000538,421.11,East,2024-01-07T12:00:00
ORD-000539,441.26,West,2024-01-08T12:00:00
ORD-000540,454.91,North,2024-01-09T12:00:00
ORD-000541,470.63,South,2024-01-10T12:00:00
ORD-000542,89.41,East,2024-01-11T12:00:00
ORD-000543,110.0,West,2024-01-12T12:00:00
ORD-000544,120.0,North,2024-01-13T12:00:00
ORD-000545,143.6,South,2024-01-14T12:00:00
ORD-000546,155.31,East,2024-01-15T12:00:00
ORD-000547,172.27,West,2024-01-16T12:00:00
ORD-000548,189.8,North,2024-01-17T12:00:00
ORD-000549,209.65,South,2024-01-18T12:00:00
ORD-000550,227.91,East,2024-01-19T12:00:00
ORD-000551,238.03,West,2024-01-20T12:00:00
ORD-000552,257.97,North,2024-01-21T12:00:00
ORD-000553,276.7,South,2024-01-22T12:00:00
ORD-000582,371.01,East,2024-01-23T12:00:00
ORD-000555,308.6,south-zone,2024-01-24T12:00:00
ORD-000556,329.25,North,2024-01-25T12:00:00
ORD-000557,343.86,South,2024-01-26T12:00:00
ORD-000558,358.79,East,2024-01-27T12:00:00
ORD-000559,374.16,West,2024-01-28T12:00:00
ORD-000560,394.68,North,2024-01-01T12:00:00
ORD-000561,411.13,South,2024-01-02T12:00:00
ORD-000562,430.18,East,2024-01-03T12:00:00
ORD-000563,443.15,West,2024-01-04T12:00:00
ORD-000564,466.52,North,2024-01-05T12:00:00
ORD-000565,77.54,South,2024-01-06T12:00:00
ORD-000566,95.22,East,2024-01-07T12:00:00
ORD-000567,114.01,West,2024-01-08T12:00:00
ORD-000568,134.15,North,
ORD-000569,145.37,South,2024-01-10T12:00:00
ORD-000570,161.41,East,2024-01-11T12:00:00
ORD-000571,182.0,West,2024-01-12T12:00:00
ORD-000572,50004.0,North,2024-01-13T12:00:00
ORD-000573,212.67,South,2024-01-14T12:00:00
ORD-000574,235.0,East,2024-01-15T12:00:00
ORD-000575,247.63,West,2024-01-16T12:00:00
ORD-000576,265.94,North,2024-01-17T12:00:00
ORD-000577,281.77,South,2024-01-18T12:00:00
ORD-000578,302.2,East,2024-01-19T12:00:00
ORD-000579,321.65,West,2024-01-20T12:00:00
ORD-000580,335.72,North,2024-01-21T12:00:00
ORD-000581,348.47,South,2024-01-22T12:00:00
ORD-000582,371.01,East,2024-01-23T12:00:00
ORD-000583,382.57,West,2024-01-24T12:00:00
ORD-000584,402.44,North,2024-01-25T12:00:00
ORD-000585,422.22,South,2024-01-26T12:00:00
ORD-000586,438.6,East,2024-01-27T12:00:00
ORD-000587,455.89,West,2024-01-28T12:00:00
ORD-000588,468.06,North,2024-01-01T12:00:00
ORD-000589,90.78,South,2024-01-02T12:00:00
ORD-000590,102.57,East,2024-01-03T12:00:00
ORD-000591,118.09,West,2024-01-04T12:00:00
ORD-000592,138.77,North,2024-01-05T12:00:00
ORD-000593,153.79,South,2024-01-06T12:00:00
ORD-000594,170.16,East,2024-01-07T12:00:00
ORD-000595,189.97,West,2024-01-08T12:00:00
ORD-000596,207.57,North,2024-01-09T12:00:00
ORD-000597,222.46,South,2024-01-10T12:00:00
ORD-000598,237.88,East,2024-01-11T12:00:00
ORD-000599,256.82,West,2024-01-12T12:00:00
ORD-000600,275.3,North,2024-01-13T12:00:00
ORD-000601,291.97,South,2024-01-14T12:00:00
ORD-000602,309.27,East,2024-01-15T12:00:00
ORD-000603,323.63,West,2024-01-16T12:00:00
ORD-000604,340.44,North,2024-01-17T12:00:00
ORD-000605,356.14,South,2024-01-18T12:00:00
ORD-000606,378.37,East,2024-01-19T12:00:00
ORD-000607,395.52,West,2024-01-20T12:00:00
ORD-000608,410.89,North,2024-01-21T12:00:00
ORD-000609,427.92,South,2024-01-22T12:00:00
ORD-000610,441.19,East,2024-01-23T12:00:00
ORD-000611,461.2,West,2024-01-24T12:00:00
ORD-000612,76.74,North,2024-01-25T12:00:00
ORD-000613,94.27,South,2024-01-26T12:00:00
ORD-000614,111.6,East,2024-01-27T12:00:00
ORD-000615,133.16,West,2024-01-28T12:00:00
ORD-000616,148.97,North,2024-01-01T12:00:00
ORD-000617,164.99,South,2024-01-02T12:00:00
ORD-000618,177.47,East,2024-01-03T12:00:00
ORD-000619,196.11,West,2024-01-04T12:00:00
ORD-000620,215.85,North,2024-01-05T12:00:00
ORD-000621,231.55,South,2024-01-06T12:00:00
ORD-000622,251.74,East,2024-01-07T12:00:00
ORD-000623,267.52,West,2024-01-08T12:00:00
ORD-000624,284.87,,2024-01-09T12:00:00
ORD-000625,302.91,South,2024-01-10T12:00:00
ORD-000626,313.45,East,2024-01-11T12:00:00
ORD-000627,330.17,West,2024-01-12T12:00:00
ORD-000628,347.35,North,2024-01-13T12:00:00
ORD-000629,371.7,South,2024-01-14T12:00:00
ORD-000630,383.57,East,2024-01-15T12:00:00
ORD-000631,403.82,West,2024-01-16T12:00:00
ORD-000632,417.59,North,2024-01-17T12:00:00
ORD-000633,439.1,South,2024-01-18T12:00:00
ORD-000634,452.71,East,2024-01-19T12:00:00
ORD-000635,466.02,West,2024-01-20T12:00:00
ORD-000636,85.48,North,2024-01-21T12:00:00
ORD-000637,107.42,South,2024-01-22T12:00:00
ORD-000638,118.06,East,2024-01-23T12:00:00
ORD-000639,141.35,West,2024-01-24T12:00:00
ORD-000640,158.6,North,2024-01-25T12:00:00
ORD-000641,171.68,South,2024-01-26T12:00:00
ORD-000642,189.39,East,2024-01-27T12:00:00
ORD-000643,209.15,West,2024-01-28T12:00:00
ORD-000644,225.73,North,2024-01-01T12:00:00
ORD-000645,237.49,South,2024-01-02T12:00:00
ORD-000646,255.29,East,2024-01-03T12:00:00
ORD-000647,277.43,West,2024-01-04T12:00:00
ORD-000648,294.49,North,2024-01-05T12:00:00
ORD-000649,308.37,South,2024-01-06T12:00:00
ORD-000650,324.42,East,2024-01-07T12:00:00
ORD-000651,338.11,West,2024-01-08T12:00:00
ORD-000652,358.46,North,2024-01-09T12:00:00
ORD-000653,378.52,South,2024-01-10T12:00:00
ORD-000654,391.48,East,2024-01-11T12:00:00
ORD-000655,413.72,West,2024-01-12T12:00:00
ORD-000656,426.46,North,2024-01-13T12:00:00
ORD-000657,440.55,South,2024-01-14T12:00:00
ORD-000658,459.92,unknown,2024-01-15T12:00:00
ORD-000659,74.92,West,2024-01-16T12:00:00
ORD-000660,bad-number,North,2024-01-17T12:00:00
ORD-000661,113.58,South,2024-01-18T12:00:00
ORD-000662,128.48,East,2024-01-19T12:00:00
ORD-000663,146.87,West,2024-01-20T12:00:00
ORD-000664,163.05,North,2024-01-21T12:00:00
ORD-000665,182.59,South,2024-01-22T12:00:00
ORD-000666,194.65,East,2024-01-23T12:00:00
ORD-000667,210.75,West,2024-01-24T12:00:00
ORD-000668,233.81,North,2024-01-25T12:00:00
ORD-000669,250.37,South,2024-01-26T12:00:00
ORD-000670,266.51,East,2024-01-27T12:00:00
,284.43,West,2024-01-28T12:00:00
ORD-000672,295.07,North,2024-01-01T12:00:00
ORD-000673,317.37,South,2024-01-02T12:00:00
ORD-000674,329.72,East,2024-01-03T12:00:00
ORD-000675,351.34,West,2024-01-04T12:00:00
ORD-000676,364.81,North,2024-01-05T12:00:00
ORD-000677,383.62,South,2024-01-06T12:00:00
ORD-000678,,East,2024-01-07T12:00:00
ORD-000679,418.25,West,2024-01-08T12:00:00
ORD-000680,435.81,North,2024-01-09T12:00:00
ORD-000681,449.47,South,2024-01-10T12:00:00
ORD-000682,467.44,East,2024-01-11T12:00:00
ORD-000683,88.87,West,2024-01-12T12:00:00
ORD-000684,99.97,North,2024-01-13T12:00:00
ORD-000685,118.16,South,2024-01-14T12:00:00
ORD-000686,134.93,East,2024-01-15T12:00:00
ORD-000687,152.41,West,2024-01-16T12:00:00
ORD-000688,168.71,North,2024-01-17T12:00:00
ORD-000689,188.16,South,2024-01-18T12:00:00
ORD-000690,201.73,East,2024-01-19T12:00:00
ORD-000691,221.91,West,2024-01-20T12:00:00
ORD-000692,237.18,North,2024-01-21T12:00:00
ORD-000693,256.03,South,2024-01-22T12:00:00
ORD-000694,270.07,East,2024-01-23T12:00:00
ORD-000695,289.33,West,2024-01-24T12:00:00
ORD-000696,307.75,North,2024-01-25T12:00:00
ORD-000697,325.53,South,2024-01-26T12:00:00
ORD-000698,338.15,East,2024-01-27T12:00:00
ORD-000699,359.49,West,2024-01-28T12:00:00
ORD-000700,374.9,North,2024-01-01T12:00:00
ORD-000701,394.31,South,2024-01-02T12:00:00
ORD-000702,406.35,East,2024-01-03T12:00:00
ORD-000703,429.45,West,2024-01-04T12:00:00
ORD-000704,444.84,North,2024-01-05T12:00:00
ORD-000705,458.73,South,2024-01-06T12:00:00
ORD-000706,79.25,East,2024-01-07T12:00:00
ORD-000707,97.49,West,2024-01-08T12:00:00
ORD-000708,111.18,North,2024-01-09T12:00:00
ORD-000709,124.03,South,2024-01-10T12:00:00
ORD-000710,146.23,East,2024-01-11T12:00:00
ORD-000711,158.35,West,
ORD-000712,179.65,North,2024-01-13T12:00:00
ORD-000713,197.61,South,2024-01-14T12:00:00
ORD-000714,216.81,East,2024-01-15T12:00:00
ORD-000715,227.1,West,2024-01-16T12:00:00
ORD-000716,248.43,North,2024-01-17T12:00:00
ORD-000717,264.34,South,2024-01-18T12:00:00
ORD-000718,281.22,East,2024-01-19T12:00:00
ORD-000719,299.49,West,2024-01-20T12:00:00
ORD-000720,313.17,North,2024-01-21T12:00:00
ORD-000721,329.77,South,2024-01-22T12:00:00
ORD-000722,348.88,East,2024-01-23T12:00:00
ORD-000723,362.7,West,2024-01-24T12:00:00
ORD-000724,379.36,North,2024-01-25T12:00:00
ORD-000725,402.84,south-zone,2024-01-26T12:00:00
ORD-000726,414.56,East,2024-01-27T12:00:00
ORD-000727,435.98,West,2024-01-28T12:00:00
ORD-000728,454.21,North,2024-01-01T12:00:00
ORD-000729,469.19,South,2024-01-02T12:00:00
ORD-000730,88.97,East,2024-01-03T12:00:00
ORD-000731,100.24,West,2024-01-04T12:00:00
ORD-000732,118.34,North,2024-01-05T12:00:00
ORD-000733,133.51,NORTHH,2024-01-06T12:00:00
ORD-000734,156.45,East,2024-01-07T12:00:00
ORD-000735,168.15,West,2024-01-08T12:00:00
ORD-000736,183.6,North,2024-01-09T12:00:00
ORD-000737,204.56,South,2024-01-10T12:00:00
ORD-000738,220.24,East,2024-01-11T12:00:00
ORD-000739,236.27,West,2024-01-12T12:00:00
ORD-000740,255.63,North,2024-01-13T12:00:00
ORD-000741,271.27,South,2024-01-14T12:00:00
ORD-000742,291.7,East,2024-01-15T12:00:00
ORD-000743,309.4,West,2024-01-16T12:00:00
ORD-000744,326.52,North,2024-01-17T12:00:00
ORD-000745,343.65,South,2024-01-18T12:00:00
ORD-000746,359.57,East,2024-01-19T12:00:00
ORD-000747,374.96,West,2024-01-20T12:00:00
ORD-000748,394.72,North,2024-01-21T12:00:00
ORD-000282,472.13,East,2024-01-03T12:00:00
ORD-000750,423.66,East,2024-01-23T12:00:00
ORD-000751,441.71,West,2024-01-24T12:00:00
ORD-000752,455.08,North,2024-01-25T12:00:00
ORD-000753,78.82,South,2024-01-26T12:00:00
ORD-000754,90.62,East,2024-01-27T12:00:00
ORD-000755,111.77,West,2024-01-28T12:00:00
ORD-000756,127.65,North,2024-01-01T12:00:00
ORD-000757,141.33,South,2024-01-02T12:00:00
ORD-000758,158.94,East,2024-01-03T12:00:00
ORD-000759,179.52,West,2024-01-04T12:00:00
ORD-000760,194.52,North,2024-01-05T12:00:00
ORD-000761,212.63,South,2024-01-06T12:00:00
ORD-000762,225.52,East,2024-01-07T12:00:00
ORD-000763,242.68,West,2024-01-08T12:00:00
ORD-000764,264.54,North,2024-01-09T12:00:00
ORD-000765,281.08,South,2024-01-10T12:00:00
ORD-000766,299.17,East,2024-01-11T12:00:00
ORD-000767,310.14,West,2024-01-12T12:00:00
ORD-000768,333.39,North,2024-01-13T12:00:00
ORD-000769,347.31,South,2024-01-14T12:00:00
ORD-000770,365.79,East,2024-01-15T12:00:00
ORD-000771,381.15,West,2024-01-16T12:00:00
ORD-000772,402.31,North,2024-01-17T12:00:00
ORD-000773,414.55,South,2024-01-18T12:00:00
ORD-000774,436.03,East,2024-01-19T12:00:00
ORD-000775,451.43,West,2024-01-20T12:00:00
ORD-000776,463.98,North,2024-01-21T12:00:00
ORD-000777,81.49,South,2024-01-22T12:00:00
ORD-000778,100.67,East,2024-01-23T12:00:00
ORD-000779,116.21,West,2024-01-24T12:00:00
ORD-000780,133.16,North,2024-01-25T12:00:00
ORD-000781,155.28,South,2024-01-26T12:00:00
ORD-000782,171.99,East,2024-01-27T12:00:00
ORD-000783,187.73,West,
ORD-000784,205.23,North,2024-01-01T12:00:00
ORD-000785,217.19,South,2024-01-02T12:00:00
ORD-000786,234.65,East,2024-01-03T12:00:00
ORD-000787,253.18,West,2024-01-04T12:00:00
ORD-000788,269.08,North,2024-01-05T12:00:00
ORD-000789,285.76,South,2024-01-06T12:00:00
ORD-000790,307.99,East,2024-01-07T12:00:00
ORD-000791,320.37,West,2024-01-08T12:00:00
ORD-000792,337.18,North,2024-01-09T12:00:00
ORD-000793,358.42,South,2024-01-10T12:00:00
ORD-000794,375.29,East,2024-01-11T12:00:00
ORD-000795,388.69,West,2024-01-12T12:00:00
ORD-000796,404.43,North,2024-01-13T12:00:00
ORD-000797,421.62,South,2024-01-14T12:00:00
ORD-000798,444.35,East,2024-01-15T12:00:00
ORD-000799,459.51,West,2024-01-16T12:00:00
ORD-000800,78.77,North,2024-01-17T12:00:00
ORD-000801,90.61,South,2024-01-18T12:00:00
ORD-000802,109.01,East,2024-01-19T12:00:00
ORD-000803,127.93,West,2024-01-20T12:00:00
ORD-000804,142.15,North,2024-01-21T12:00:00
ORD-000805,160.18,South,2024-01-22T12:00:00
ORD-000806,177.75,East,2024-01-23T12:00:00
ORD-000807,195.2,West,2024-01-24T12:00:00
ORD-000808,213.61,North,2024-01-25T12:00:00
ORD-000702,406.35,East,2024-01-03T12:00:00
ORD-000810,247.09,East,2024-01-27T12:00:00
ORD-000811,261.93,West,2024-01-28T12:00:00
ORD-000812,275.33,North,2024-01-01T12:00:00
ORD-000813,298.33,South,2024-01-02T12:00:00
ORD-000814,316.55,East,2024-01-03T12:00:00
ORD-000815,333.27,West,2024-01-04T12:00:00
ORD-000816,346.26,North,2024-01-05T12:00:00
ORD-000817,366.99,South,2024-01-06T12:00:00
ORD-000818,379.41,East,2024-01-07T12:00:00
ORD-000819,401.92,West,2024-01-08T12:00:00
ORD-000820,415.72,North,2024-01-09T12:00:00
ORD-000821,,South,2024-01-10T12:00:00
ORD-000822,452.94,East,2024-01-11T12:00:00
ORD-000823,462.13,West,2024-01-12T12:00:00
ORD-000824,86.32,North,2024-01-13T12:00:00
ORD-000825,97.41,South,2024-01-14T12:00:00
ORD-000826,118.27,East,2024-01-15T12:00:00
ORD-000827,132.22,West,2024-01-16T12:00:00
ORD-000828,152.28,North,2024-01-17T12:00:00
ORD-000829,170.05,South,2024-01-18T12:00:00
ORD-000830,187.33,East,2024-01-19T12:00:00
ORD-000831,203.91,West,2024-01-20T12:00:00
ORD-000832,221.51,North,2024-01-21T12:00:00
ORD-000833,236.74,South,2024-01-22T12:00:00
ORD-000834,249.26,East,2024-01-23T12:00:00
ORD-000835,267.41,West,2024-01-24T12:00:00
ORD-000836,284.31,North,2024-01-25T12:00:00
ORD-000837,306.18,South,2024-01-26T12:00:00
ORD-000838,323.57,East,2024-01-27T12:00:00
ORD-000839,339.98,West,2024-01-28T12:00:00
ORD-000840,352.45,North,2024-01-01T12:00:00
ORD-000841,375.55,South,2024-01-02T12:00:00
ORD-000842,392.58,East,2024-01-03T12:00:00
ORD-000843,404.61,West,2024-01-04T12:00:00
ORD-000844,420.97,North,not-a-timestamp
ORD-000845,440.62,South,2024-01-06T12:00:00
ORD-000846,454.85,East,2024-01-07T12:00:00
ORD-000847,472.83,West,2024-01-08T12:00:00
ORD-000848,88.33,North,2024-01-09T12:00:00
ORD-000849,50006.0,South,2024-01-10T12:00:00
ORD-000850,121.43,East,2024-01-11T12:00:00
ORD-000851,140.98,West,2024-01-12T12:00:00
ORD-000852,161.56,North,2024-01-13T12:00:00
ORD-000853,178.62,South,2024-01-14T12:00:00
ORD-000854,191.39,East,2024-01-15T12:00:00
ORD-000855,50002.0,West,2024-01-16T12:00:00
ORD-000856,229.18,North,2024-01-17T12:00:00
ORD-000857,240.19,South,2024-01-18T12:00:00
ORD-000858,257.28,East,2024-01-19T12:00:00
ORD-000859,279.62,West,2024-01-20T12:00:00
ORD-000860,293.37,North,2024-01-21T12:00:00
ORD-000861,309.79,South,2024-01-22T12:00:00
ORD-000862,327.67,East,not-a-timestamp
ORD-000863,342.28,West,2024-01-24T12:00:00
ORD-000864,362.21,North,2024-01-25T12:00:00
ORD-000865,381.15,South,2024-01-26T12:00:00
ORD-000866,397.41,East,2024-01-27T12:00:00
ORD-000867,415.42,West,2024-01-28T12:00:00
ORD-000868,432.6,North,2024-01-01T12:00:00
ORD-000869,449.47,South,2024-01-02T12:00:00
ORD-000870,465.29,East,2024-01-03T12:00:00
ORD-000871,80.52,West,2024-01-04T12:00:00
ORD-000872,100.53,North,2024-01-05T12:00:00
ORD-000873,113.21,South,2024-01-06T12:00:00
ORD-000874,134.33,East,2024-01-07T12:00:00
ORD-000875,147.31,West,2024-01-08T12:00:00
ORD-000876,166.59,North,2024-01-09T12:00:00
ORD-000877,184.24,South,2024-01-10T12:00:00
ORD-000878,197.51,East,2024-01-11T12:00:00
ORD-000879,219.31,West,2024-01-12T12:00:00
ORD-000880,232.1,North,2024-01-13T12:00:00
ORD-000881,249.6,South,2024-01-14T12:00:00
ORD-000882,268.21,East,2024-01-15T12:00:00
ORD-000883,283.16,West,2024-01-16T12:00:00
ORD-000884,300.9,North,2024-01-17T12:00:00
ORD-000885,324.0,South,2024-01-18T12:00:00
ORD-000886,340.44,East,2024-01-19T12:00:00
ORD-000887,357.75,West,2024-01-20T12:00:00
ORD-000888,373.44,North,2024-01-21T12:00:00
ORD-000889,390.25,South,2024-01-22T12:00:00
ORD-000890,404.69,East,2024-01-23T12:00:00
ORD-000891,420.56,West,2024-01-24T12:00:00
ORD-000892,437.64,North,2024-01-25T12:00:00
ORD-000893,456.69,South,not-a-timestamp
ORD-000894,470.58,East,2024-01-27T12:00:00
ORD-000895,88.23,West,2024-01-28T12:00:00
ORD-000896,103.97,North,2024-01-01T12:00:00
ORD-000897,123.09,South,2024-01-02T12:00:00
ORD-000898,140.7,East,2024-01-03T12:00:00
ORD-000899,158.27,West,2024-01-04T12:00:00
ORD-000900,176.17,North,2024-01-05T12:00:00
ORD-000901,188.98,South,2024-01-06T12:00:00
ORD-000902,209.52,East,2024-01-07T12:00:00
ORD-000903,223.37,West,2024-01-08T12:00:00
ORD-000904,242.96,North,2024-01-09T12:00:00
ORD-000905,258.33,South,2024-01-10T12:00:00
ORD-000906,275.11,East,2024-01-11T12:00:00
ORD-000907,290.92,West,2024-01-12T12:00:00
ORD-000908,312.78,North,2024-01-13T12:00:00
ORD-000909,331.47,South,2024-01-14T12:00:00
ORD-000910,347.27,East,2024-01-15T12:00:00
ORD-000911,363.85,West,2024-01-16T12:00:00
ORD-000912,375.29,North,2024-01-17T12:00:00
ORD-000913,392.51,NORTHH,2024-01-18T12:00:00
ORD-000914,409.04,East,2024-01-19T12:00:00
ORD-000915,426.47,West,2024-01-20T12:00:00
ORD-000916,443.37,North,2024-01-21T12:00:00
ORD-000917,467.3,South,2024-01-22T12:00:00
ORD-000918,82.77,East,2024-01-23T12:00:00
ORD-000919,94.9,West,2024-01-24T12:00:00
ORD-000920,bad-number,North,2024-01-25T12:00:00
ORD-000921,132.07,South,2024-01-26T12:00:00
ORD-000922,149.08,East,2024-01-27T12:00:00
ORD-000923,166.51,West,2024-01-28T12:00:00
ORD-000924,181.26,North,2024-01-01T12:00:00
ORD-000925,199.57,South,2024-01-02T12:00:00
ORD-000926,217.07,East,2024-01-03T12:00:00
ORD-000927,50003.0,West,2024-01-04T12:00:00
ORD-000928,247.43,unknown,2024-01-05T12:00:00
ORD-000929,266.45,South,2024-01-06T12:00:00
ORD-000930,287.76,East,2024-01-07T12:00:00
ORD-000931,305.25,West,2024-01-08T12:00:00
ORD-000932,316.14,North,2024-01-09T12:00:00
ORD-000933,333.25,South,2024-01-10T12:00:00
ORD-000934,353.9,East,2024-01-11T12:00:00
ORD-000935,373.05,West,2024-01-12T12:00:00
ORD-000936,390.89,North,2024-01-13T12:00:00
ORD-000937,400.22,South,2024-01-14T12:00:00
ORD-000938,418.21,East,2024-01-15T12:00:00
ORD-000939,436.95,West,2024-01-16T12:00:00
ORD-000940,455.03,North,2024-01-17T12:00:00
ORD-000941,468.23,South,2024-01-18T12:00:00
ORD-000942,88.74,East,2024-01-19T12:00:00
ORD-000943,104.64,West,2024-01-20T12:00:00
,119.78,North,2024-01-21T12:00:00
ORD-000945,140.73,South,2024-01-22T12:00:00
ORD-000946,153.86,East,2024-01-23T12:00:00
ORD-000947,176.38,West,2024-01-24T12:00:00
ORD-000948,187.53,North,2024-01-25T12:00:00
ORD-000949,210.72,South,2024-01-26T12:00:00
ORD-000950,221.93,East,2024-01-27T12:00:00
ORD-000951,240.99,West,2024-01-28T12:00:00
ORD-000952,262.55,North,2024-01-01T12:00:00
ORD-000953,275.04,South,2024-01-02T12:00:00
ORD-000954,289.97,East,2024-01-03T12:00:00
ORD-000955,310.97,West,2024-01-04T12:00:00
ORD-000956,326.06,North,2024-01-05T12:00:00
ORD-000957,344.13,South,2024-01-06T12:00:00
ORD-000958,364.33,East,2024-01-07T12:00:00
ORD-000959,378.23,West,2024-01-08T12:00:00
ORD-000960,394.89,North,2024-01-09T12:00:00
ORD-000961,414.47,South,2024-01-10T12:00:00
ORD-000962,429.13,East,2024-01-11T12:00:00
ORD-000963,446.32,West,2024-01-12T12:00:00
ORD-000964,461.26,North,2024-01-13T12:00:00
ORD-000965,83.92,South,2024-01-14T12:00:00
ORD-000966,96.72,East,2024-01-15T12:00:00
ORD-000967,115.82,West,2024-01-16T12:00:00
ORD-000968,130.52,North,2024-01-17T12:00:00
ORD-000969,144.32,South,2024-01-18T12:00:00
ORD-000970,168.41,East,2024-01-19T12:00:00
ORD-000971,183.47,West,2024-01-20T12:00:00
ORD-000972,198.35,North,2024-01-21T12:00:00
ORD-000973,215.1,South,2024-01-22T12:00:00
ORD-000974,231.67,East,2024-01-23T12:00:00
ORD-000975,251.52,West,2024-01-24T12:00:00
,269.67,North,2024-01-25T12:00:00
ORD-000977,282.68,South,2024-01-26T12:00:00
ORD-000978,303.36,East,2024-01-27T12:00:00
ORD-000979,315.39,West,2024-01-28T12:00:00
